"zone_id","polygon_provenance","slope_deg_mean","slope_deg_sd","slope_deg_median","slope_deg_count","bpi_3x3_mean","bpi_3x3_sd","bpi_3x3_median","bpi_3x3_count","bpi_11x11_mean","bpi_11x11_sd","bpi_11x11_median","bpi_11x11_count","rugosity_vrm_3x3_mean","rugosity_vrm_3x3_sd","rugosity_vrm_3x3_median","rugosity_vrm_3x3_count","curvature_mean","curvature_sd","curvature_median","curvature_count","surface_area_ratio_mean","surface_area_ratio_sd","surface_area_ratio_median","surface_area_ratio_count"
1,"author-created deterministic analytical window",21.724778017719,16.1754918408114,21.4422539669094,75000,-0.000351911742598872,1.58412415617561,-1.01725260606145e-05,75000,0.0184264329323891,3.86266182413932,-0.0032239866650805,75000,0.00935753429384475,0.0145412545418847,0.00520087182530371,75000,0.00105506849924723,6.43484347317588,-3.0517578125e-05,75000,1.19743011673341,0.664824118118475,1.07436025879031,75000
2,"author-created deterministic analytical window",16.312140918145,9.16370081091576,15.3978917111849,105000,-0.000589269050719193,0.803907668886476,-0.0655517578125,105000,-0.0213479627925271,1.16698698746909,-0.0301483406508396,105000,0.0133241923145746,0.0117631528924221,0.0100144468046786,105000,0.00176780715215774,3.33578445462217,0,105000,1.05945067614423,0.0740819491184517,1.03723123346591,105000
