"metric","mean","sd","min","max"
"slope_deg",15.388750981372,12.6872068251826,0,84.8125723871821
"bpi_3x3",-8.85856503698194e-07,0.992777864365851,-35.9111158582899,38.891108194987
"bpi_11x11",-0.00186046041943084,2.1868156149712,-36.7490897060426,55.7042452494303
"rugosity_vrm_3x3",0.00914063966408736,0.0113736087757211,1.5895783118669e-06,0.573404032303226
"curvature",4.70530120256601e-06,4.09532425127457,-200.010009765625,172.52001953125
"surface_area_ratio",1.08926646434774,0.358944730695049,1,11.0602277283867
