"depth_band","metric","n_cells","mean"
"[-220,-150)","slope_deg",819,55.2639387586568
"[-220,-150)","bpi_3x3",819,-0.685574632098222
"[-150,-100)","slope_deg",180,77.8204724896454
"[-150,-100)","bpi_3x3",180,1.0193196390882
"[-100,-60)","slope_deg",791,43.4562801797485
"[-100,-60)","bpi_3x3",791,0.308066729011097
"[-60,-25]","slope_deg",525,45.6640184576964
"[-60,-25]","bpi_3x3",525,0.280921719290471
