"depth_label","n_cells","area_m2","label"
"-100",11000,176953.025483732,"n=11,000
A=0.177 km²"
"-300",10781,173706.788005124,"n=10,781
A=0.174 km²"
"-600",12100,195034.666073833,"n=12,100
A=0.195 km²"
